run_label,parameter_name,parameter_value,run_path
base,base,base,cement_base
shock_year_2027,shock_year,2027,cement_shock_year_2027
shock_year_2029,shock_year,2029,cement_shock_year_2029
discount_rate_0.06,discount_rate,0.06,cement_discount_rate_0.06
discount_rate_0.10,discount_rate,0.10,cement_discount_rate_0.10
risk_free_rate_0.02,risk_free_rate,0.02,cement_risk_free_rate_0.02
risk_free_rate_0.04,risk_free_rate,0.04,cement_risk_free_rate_0.04
market_passthrough_0.15,market_passthrough,0.15,cement_market_passthrough_0.15
market_passthrough_0.35,market_passthrough,0.35,cement_market_passthrough_0.35
