"sector","metric","unit","baseline_year","baseline_value","target_year","target_value","scope","method","scenario_vintage","status","source_artifact"
"power","technology_market_share","share_of_sector_capacity",2025,0.206087507926443,2030,0.32,"n/a","market_share","pdp8-2025-adjusted","proposed","synthesis_output/vietnam/04_vn_ms_portfolio.csv"
"power","technology_market_share","share_of_sector_capacity",2025,0.206087507926443,2035,,"n/a","market_share","pdp8-2025-adjusted","not_set","synthesis_output/vietnam/04_vn_ms_portfolio.csv"
"power","technology_market_share","share_of_sector_capacity",2025,0.206087507926443,2050,,"n/a","market_share","pdp8-2025-adjusted","not_set","synthesis_output/vietnam/04_vn_ms_portfolio.csv"
"cement","emission_intensity","tco2_per_tonne_cement",2025,0.798125,2030,0.691059451219512,"1+2","sda_convergence","pdp8-2025-adjusted","proposed","synthesis_output/vietnam/05_vn_sda_portfolio.csv"
"cement","emission_intensity","tco2_per_tonne_cement",2025,0.798125,2035,,"1+2","sda_convergence","pdp8-2025-adjusted","not_set","synthesis_output/vietnam/05_vn_sda_portfolio.csv"
"cement","emission_intensity","tco2_per_tonne_cement",2025,0.798125,2050,,"1+2","sda_convergence","pdp8-2025-adjusted","not_set","synthesis_output/vietnam/05_vn_sda_portfolio.csv"
"steel","emission_intensity","tco2_per_tonne_crude_steel",2025,1.6748275862069,2030,1.43556650246305,"1+2","sda_convergence","pdp8-2025-adjusted","proposed","synthesis_output/vietnam/05_vn_sda_portfolio.csv"
"steel","emission_intensity","tco2_per_tonne_crude_steel",2025,1.6748275862069,2035,,"1+2","sda_convergence","pdp8-2025-adjusted","not_set","synthesis_output/vietnam/05_vn_sda_portfolio.csv"
"steel","emission_intensity","tco2_per_tonne_crude_steel",2025,1.6748275862069,2050,,"1+2","sda_convergence","pdp8-2025-adjusted","not_set","synthesis_output/vietnam/05_vn_sda_portfolio.csv"
