sector,dimension,raw_value,normalized_score,weight,weighted_contribution,source_file,data_source
power,alignment,14.39,1,0.35,0.35,06_vn_ms_alignment_2030.csv,mcb-demo
power,stress,456.713782870946,1,0.35,0.35,power/top_borrowers_alignment_trisk.csv,mcb-demo
power,exposure,0.8183705241307733,1,0.3,0.3,vietnam_loanbook.csv,mcb-demo
cement,alignment,2.1,0,0.35,0,06_vn_sda_alignment_2030.csv,mcb-demo
cement,stress,100,0,0.35,0,cement/top_borrowers_alignment_trisk.csv,mcb-demo
cement,exposure,0.10378827192527244,0.0350385423966363,0.3,0.01051156271899089,vietnam_loanbook.csv,mcb-demo
steel,alignment,7.2,0.41497152156224565,0.35,0.14524003254678597,06_vn_sda_alignment_2030.csv,mcb-demo
steel,stress,100,0,0.35,0,steel/top_borrowers_alignment_trisk.csv,mcb-demo
steel,exposure,0.07784120394395433,0,0.3,0,vietnam_loanbook.csv,mcb-demo
